Model, Size, CFC, Struc
BPIC_2012_F,49,45,n/a
BPIC_2013_closed_problems_F,11,6,0.727
BPIC_2013_incidents_F,13,10,0.846
BPIC_2013_open_problems_F,11,9,0.909
BPIC_2015_1_F,116,63,0.310
BPIC_2015_2_F,33,16,0.152
BPIC_2015_3_F,91,39,0.253
BPIC_2015_4_F,22,6,1.000
BPIC_2015_5_F,36,18,0.611
BPIC_2017_F,63,48,0.444
BPIC_2017_Offer_F,18,10,0.222
BPIC_2020_DomesticDeclarations_F,18,8,0.278
BPIC_2020_InternationalDeclarations_F,100,89,0.100
BPIC_2020_PermitLog_F,118,103,0.161
BPIC_2020_PrepaidTravelCost_F,88,76,0.114
BPIC_2020_RequestForPayment_F,20,9,0.100
