Model, Size, CFC, Struc
BPIC_2012_F,95,62,0.316
BPIC_2013_closed_problems_F,12,6,1.000
BPIC_2013_incidents_F,16,10,1.000
BPIC_2013_open_problems_F,13,7,1.000
BPIC_2015_1_F,154,86,0.253
BPIC_2015_2_F,33,17,0.152
BPIC_2015_3_F,117,52,0.197
BPIC_2015_4_F,22,6,1.000
BPIC_2015_5_F,36,16,0.639
BPIC_2017_F,134,116,0.246
BPIC_2017_Offer_F,15,8,0.267
BPIC_2020_DomesticDeclarations_F,21,10,0.571
BPIC_2020_InternationalDeclarations_F,149,125,0.054
BPIC_2020_PermitLog_F,229,195,0.118
BPIC_2020_PrepaidTravelCost_F,163,128,0.012
BPIC_2020_RequestForPayment_F,24,11,0.458
