Model, Time1,Time2,Time3
BPIC_2012_F,373,1460,2835,
BPIC_2013_closed_problems_F,14,46,205,
BPIC_2013_incidents_F,55,84,487,
BPIC_2013_open_problems_F,7,29,68,
BPIC_2015_1_F,60,245,286,
BPIC_2015_2_F,12,43,66,
BPIC_2015_3_F,49,154,191,
BPIC_2015_4_F,9,29,59,
BPIC_2015_5_F,16,40,70,
BPIC_2017_F,327,564,4605,
BPIC_2017_Offer_F,96,114,1737,
BPIC_2020_DomesticDeclarations_F,37,53,402,
BPIC_2020_InternationalDeclarations_F,110,376,866,
BPIC_2020_PermitLog_F,139,554,960,
BPIC_2020_PrepaidTravelCost_F,53,287,399,
BPIC_2020_RequestForPayment_F,37,53,296,
