Model, Size, CFC, Struc
BPIC_2012_F,86,58,1.000
BPIC_2013_closed_problems_F,18,11,1.000
BPIC_2013_incidents_F,16,10,1.000
BPIC_2013_open_problems_F,23,16,1.000
BPIC_2015_1_F,121,58,1.000
BPIC_2015_2_F,30,11,1.000
BPIC_2015_3_F,102,46,1.000
BPIC_2015_4_F,26,8,1.000
BPIC_2015_5_F,36,16,1.000
BPIC_2017_F,91,69,1.000
BPIC_2017_Offer_F,14,7,1.000
BPIC_2020_DomesticDeclarations_F,23,13,1.000
BPIC_2020_InternationalDeclarations_F,112,76,1.000
BPIC_2020_PermitLog_F,*,*,*
BPIC_2020_PrepaidTravelCost_F,100,73,1.000
BPIC_2020_RequestForPayment_F,24,15,1.000
