Model, Size, CFC, Struc
BPIC_2012_F,48,34,0.667
BPIC_2013_closed_problems_F,12,6,1.000
BPIC_2013_incidents_F,13,11,n/a
BPIC_2013_open_problems_F,11,7,0.636
BPIC_2015_1_F,90,34,0.356
BPIC_2015_2_F,28,12,n/a
BPIC_2015_3_F,82,30,0.280
BPIC_2015_4_F,22,6,1.000
BPIC_2015_5_F,33,15,0.667
BPIC_2017_F,54,50,0.685
BPIC_2017_Offer_F,15,8,0.267
BPIC_2020_DomesticDeclarations_F,19,10,0.579
BPIC_2020_InternationalDeclarations_F,65,47,0.185
BPIC_2020_PermitLog_F,85,60,0.506
BPIC_2020_PrepaidTravelCost_F,62,44,0.194
BPIC_2020_RequestForPayment_F,21,11,0.476
