Model,Execution time
BPIC_2012_F,3397,4207,5385
BPIC_2013_closed_problems_F,173,183,327
BPIC_2013_incidents_F,585,593,921
BPIC_2013_open_problems_F,32,39,65
BPIC_2015_1_F,41,72,133
BPIC_2015_2_F,8,16,64
BPIC_2015_3_F,34,56,139
BPIC_2015_4_F,6,14,57
BPIC_2015_5_F,6,15,71
BPIC_2017_F,16125,16141,20276
BPIC_2017_Offer_F,5233,5238,6791
BPIC_2020_DomesticDeclarations_F,2513,2517,2909
BPIC_2020_InternationalDeclarations_F,2946,2964,3364
BPIC_2020_PermitLog_F,2971,2995,3461
BPIC_2020_PrepaidTravelCost_F,952,968,1086
BPIC_2020_RequestForPayment_F,1950,1960,2196
